{
  "TransactionHistory" : {
    "transaction" : "TransactionHistory",
    "sampleCount" : 34000,
    "errorCount" : 17423,
    "errorPct" : 51.244118,
    "meanResTime" : 5.161794117647039,
    "medianResTime" : 3.0,
    "minResTime" : 0.0,
    "maxResTime" : 1463.0,
    "pct1ResTime" : 4.0,
    "pct2ResTime" : 4.0,
    "pct3ResTime" : 6.0,
    "throughput" : 68.08224334996676,
    "receivedKBytesPerSec" : 17.372210239344128,
    "sentKBytesPerSec" : 8.883889942175147
  },
  "Registration" : {
    "transaction" : "Registration",
    "sampleCount" : 33000,
    "errorCount" : 16967,
    "errorPct" : 51.41515,
    "meanResTime" : 4.8961515151515,
    "medianResTime" : 3.0,
    "minResTime" : 0.0,
    "maxResTime" : 1307.0,
    "pct1ResTime" : 4.0,
    "pct2ResTime" : 4.0,
    "pct3ResTime" : 6.0,
    "throughput" : 66.2066973089987,
    "receivedKBytesPerSec" : 16.707853324328553,
    "sentKBytesPerSec" : 8.260880312084327
  },
  "Total" : {
    "transaction" : "Total",
    "sampleCount" : 100000,
    "errorCount" : 51262,
    "errorPct" : 51.262,
    "meanResTime" : 5.17363999999993,
    "medianResTime" : 3.0,
    "minResTime" : 0.0,
    "maxResTime" : 1472.0,
    "pct1ResTime" : 4.0,
    "pct2ResTime" : 4.0,
    "pct3ResTime" : 5.0,
    "throughput" : 200.2406893085489,
    "receivedKBytesPerSec" : 50.67745531691593,
    "sentKBytesPerSec" : 28.143150332324453
  },
  "TransactionAPI" : {
    "transaction" : "TransactionAPI",
    "sampleCount" : 33000,
    "errorCount" : 16872,
    "errorPct" : 51.127274,
    "meanResTime" : 5.463333333333328,
    "medianResTime" : 3.0,
    "minResTime" : 0.0,
    "maxResTime" : 1472.0,
    "pct1ResTime" : 4.0,
    "pct2ResTime" : 4.0,
    "pct3ResTime" : 7.0,
    "throughput" : 66.0803537101115,
    "receivedKBytesPerSec" : 16.62984689382289,
    "sentKBytesPerSec" : 11.014467811608917
  }
}