{
  "BUYBOOKS" : {
    "transaction" : "BUYBOOKS",
    "sampleCount" : 100,
    "errorCount" : 34,
    "errorPct" : 34.0,
    "meanResTime" : 12050.179999999998,
    "medianResTime" : 2012.5,
    "minResTime" : 220.0,
    "maxResTime" : 34595.0,
    "pct1ResTime" : 32000.1,
    "pct2ResTime" : 33973.09999999999,
    "pct3ResTime" : 34593.33,
    "throughput" : 2.848191398461976,
    "receivedKBytesPerSec" : 0.648297315579607,
    "sentKBytesPerSec" : 0.49231433352321274
  },
  "Total" : {
    "transaction" : "Total",
    "sampleCount" : 100,
    "errorCount" : 34,
    "errorPct" : 34.0,
    "meanResTime" : 12050.179999999998,
    "medianResTime" : 2012.5,
    "minResTime" : 220.0,
    "maxResTime" : 34595.0,
    "pct1ResTime" : 32000.1,
    "pct2ResTime" : 33973.09999999999,
    "pct3ResTime" : 34593.33,
    "throughput" : 2.848191398461976,
    "receivedKBytesPerSec" : 0.648297315579607,
    "sentKBytesPerSec" : 0.49231433352321274
  }
}