{
  "BUYBOOKS" : {
    "transaction" : "BUYBOOKS",
    "sampleCount" : 100,
    "errorCount" : 18,
    "errorPct" : 18.0,
    "meanResTime" : 7870.59,
    "medianResTime" : 2501.0,
    "minResTime" : 288.0,
    "maxResTime" : 36437.0,
    "pct1ResTime" : 32666.8,
    "pct2ResTime" : 35002.95,
    "pct3ResTime" : 36432.74,
    "throughput" : 2.7278430944652063,
    "receivedKBytesPerSec" : 0.5977013233448812,
    "sentKBytesPerSec" : 0.47151194113314604
  },
  "Total" : {
    "transaction" : "Total",
    "sampleCount" : 100,
    "errorCount" : 18,
    "errorPct" : 18.0,
    "meanResTime" : 7870.59,
    "medianResTime" : 2501.0,
    "minResTime" : 288.0,
    "maxResTime" : 36437.0,
    "pct1ResTime" : 32666.8,
    "pct2ResTime" : 35002.95,
    "pct3ResTime" : 36432.74,
    "throughput" : 2.7278430944652063,
    "receivedKBytesPerSec" : 0.5977013233448812,
    "sentKBytesPerSec" : 0.47151194113314604
  }
}